1,Suki,Candlish,scandlish0@bloomberg.com,Bigender,SE,25
2,Helene,Swannick,hswannick1@salon.com,Genderqueer,SY,7
3,Adriaens,Dearness,adearness2@icio.us,Male,PL,99
4,Hasty,Nichol,hnichol3@dell.com,Agender,CN,75
5,Marius,Johns,mjohns4@baidu.com,Non-binary,RU,73
6,Fancie,McGinley,fmcginley5@mozilla.org,Genderfluid,CZ,99
7,Loydie,Cavey,lcavey6@berkeley.edu,Non-binary,PH,80
8,Dena,Groombridge,dgroombridge7@123-reg.co.uk,Polygender,RU,91
9,Evan,Hadfield,ehadfield8@bigcartel.com,Genderqueer,TH,82
10,Erda,Sacher,esacher9@ftc.gov,Female,RU,68
11,Octavia,Attenbrough,oattenbrougha@latimes.com,Bigender,AR,51
12,Talbot,Snipe,tsnipeb@accuweather.com,Polygender,PT,4
13,Kristan,Kneebone,kkneebonec@earthlink.net,Non-binary,CN,31
14,Brendon,Dron,bdrond@netscape.com,Polygender,HR,85
15,Ange,Raulstone,araulstonee@amazon.de,Agender,ID,3
16,Janice,Aldie,jaldief@dion.ne.jp,Male,CN,80
17,Yul,O'Keaveny,yokeavenyg@printfriendly.com,Male,CN,62
18,Jasper,Scala,jscalah@amazon.de,Genderqueer,ID,38
19,Ulrika,Grattan,,Genderqueer,ID,48
20,Dredi,Kohtler,dkohtlerj@cmu.edu,Genderqueer,BR,81
21,Rachelle,Saiz,rsaizk@wikispaces.com,Agender,LV,24
22,Hamlen,Prevost,hprevostl@wix.com,Genderqueer,BR,85
23,Ryley,Espinal,respinalm@tinyurl.com,Genderqueer,RU,56
24,Hetti,Pollett,hpollettn@discovery.com,Female,RU,73
25,Doralyn,Yeardley,dyeardleyo@sohu.com,Genderqueer,MK,89
26,Ludvig,McCormick,lmccormickp@webs.com,Genderqueer,MX,89
27,Jo-ann,Fencott,jfencottq@nymag.com,Agender,CN,89
28,Kelley,Twiname,ktwinamer@unicef.org,Female,RU,80
29,Alain,Creek,acreeks@squarespace.com,Polygender,CN,84
30,Hakim,McGinnell,hmcginnellt@hao123.com,Polygender,ID,38
31,Buddy,Webby,bwebbyu@last.fm,Genderfluid,VE,
32,Lawrence,Goldthorp,lgoldthorpv@list-manage.com,Polygender,DE,24
33,Daisey,Judkin,djudkinw@bloglovin.com,Genderfluid,PE,94
34,Farleigh,Ducastel,fducastelx@yale.edu,Agender,ID,17
35,Meredithe,Creedland,mcreedlandy@ca.gov,Polygender,BA,56
36,Reagan,Gorsse,rgorssez@craigslist.org,Polygender,PH,96
37,Brier,Killingbeck,bkillingbeck10@ucsd.edu,Genderqueer,MA,21
38,Minnnie,Dudmarsh,mdudmarsh11@blinklist.com,Genderqueer,ID,
39,Jess,Strange,jstrange12@stanford.edu,Bigender,FR,98
40,Shane,Lydiate,slydiate13@telegraph.co.uk,Genderqueer,PL,92
41,Curtice,Dionsetto,,Genderqueer,CN,49
42,Wit,Stonnell,wstonnell15@baidu.com,Female,AR,
43,Trudey,Rous,trous16@youtu.be,Genderfluid,JP,96
44,Honey,Rodrigo,,Non-binary,CN,18
45,Sidoney,Gentzsch,sgentzsch18@arstechnica.com,Non-binary,CN,75
46,Evered,Loudyan,eloudyan19@java.com,Bigender,PE,68
47,Dimitri,,dbottomley1a@psu.edu,Non-binary,CN,75
48,Winona,Ewbach,wewbach1b@elpais.com,Genderqueer,PE,13
49,Jerrilyn,Dagless,,Female,HK,97
50,Wendy,McNiff,wmcniff1d@stumbleupon.com,Bigender,ID,
51,Kinny,Pleasants,kpleasants1e@miitbeian.gov.cn,Bigender,RU,83
52,Moshe,Collin,,Male,JP,10
53,Margit,Gradley,mgradley1g@marriott.com,Non-binary,US,13
54,Guthrie,Bubb,gbubb1h@illinois.edu,Female,MY,90
55,Flossie,Antoniottii,fantoniottii1i@unicef.org,Genderqueer,FI,78
56,Alicea,Lacroutz,alacroutz1j@sciencedaily.com,Polygender,ID,48
57,Karlens,Allbut,kallbut1k@adobe.com,Female,AR,35
58,Micki,Edworthye,,Genderfluid,CN,20
59,Roosevelt,Dyble,rdyble1m@topsy.com,Bigender,CN,26
60,Chandra,Stroband,cstroband1n@skype.com,Genderqueer,HT,48
61,Jorge,Carlo,jcarlo1o@typepad.com,Polygender,PE,98
62,Thekla,Holtham,tholtham1p@oakley.com,Genderqueer,ID,63
63,Cord,Ordish,cordish1q@mit.edu,Non-binary,RU,32
64,Dacie,Peto,dpeto1r@oaic.gov.au,Non-binary,ID,58
65,Dar,Curwood,dcurwood1s@zdnet.com,Genderqueer,TH,66
66,Ortensia,,omenichillo1t@pbs.org,Polygender,LU,66
67,Vergil,Krikorian,vkrikorian1u@latimes.com,Bigender,CN,
68,Fedora,Barensen,fbarensen1v@ask.com,Non-binary,PL,34
69,Barbette,Rourke,brourke1w@state.tx.us,Bigender,CN,98
70,Florentia,,ftriebner1x@privacy.gov.au,Polygender,CZ,9
71,Christalle,Cunnane,ccunnane1y@jugem.jp,Polygender,RU,81
72,Jo,Phettiplace,jphettiplace1z@harvard.edu,Female,US,49
73,Nye,Pinnock,,Genderqueer,CN,42
74,Henrietta,Glendining,hglendining21@nhs.uk,Genderfluid,US,
75,Dud,Watson,dwatson22@forbes.com,Bigender,UY,29
76,Sydney,Ridesdale,sridesdale23@mysql.com,Bigender,FR,42
77,Milli,Gerring,mgerring24@4shared.com,Agender,BR,39
78,Godwin,Brenton,gbrenton25@hubpages.com,Non-binary,CA,94
79,Samara,Pitkeathley,spitkeathley26@fotki.com,Non-binary,FR,5
80,Kaila,Fewster,kfewster27@bandcamp.com,Female,FR,76
81,Carlyle,O'Halloran,cohalloran28@chronoengine.com,Bigender,ID,59
82,Carlina,Jobbins,cjobbins29@weather.com,Polygender,ID,90
83,Ketti,Ramard,,Male,CU,55
84,Herb,Heis,,Genderqueer,MA,61
85,Leonid,Apple,lapple2c@washingtonpost.com,Bigender,JP,98
86,Fernandina,,fslowly2d@creativecommons.org,Genderfluid,FR,82
87,Donielle,Baise,dbaise2e@yellowpages.com,Polygender,SY,16
88,Tait,Ambrozewicz,tambrozewicz2f@rambler.ru,Bigender,RU,90
89,Anton,Acreman,aacreman2g@bigcartel.com,Bigender,EC,75
90,Cindelyn,Kmicicki,ckmicicki2h@bandcamp.com,Polygender,ID,10
91,Jeremie,Loney,jloney2i@reuters.com,Agender,ID,83
92,Konstance,,,Bigender,FI,8
93,Mar,Highway,mhighway2k@wisc.edu,Bigender,PL,37
94,Aldis,Robertsen,,Male,CN,3
95,Nadean,Edgworth,nedgworth2m@vistaprint.com,Genderfluid,CZ,76
96,Claudetta,Clemes,,Non-binary,RU,
97,Norah,Kettridge,,Polygender,AR,68
98,Toma,Sollam,tsollam2p@shareasale.com,Genderfluid,CN,19
99,Laurice,Ducker,,Bigender,ID,10
100,Leia,Pickless,,Agender,RU,45
101,Julieta,Gariff,jgariff2s@sohu.com,Non-binary,AR,65
102,Felike,Cokely,fcokely2t@digg.com,Non-binary,ID,43
103,Wynnie,Abramin,wabramin2u@theguardian.com,Agender,FI,86
104,Paolina,Wreiford,,Non-binary,FI,92
105,Iolanthe,Grigoli,igrigoli2w@cpanel.net,Agender,CN,91
106,Giordano,Brockhurst,gbrockhurst2x@dedecms.com,Bigender,PH,10
107,Herbert,Fyrth,hfyrth2y@github.io,Bigender,RU,81
108,Carole,,,Polygender,GR,84
109,Cati,Hundey,chundey30@multiply.com,Female,CA,86
110,Starr,Pechacek,spechacek31@elpais.com,Genderfluid,ID,15
111,Lynna,Duncan,lduncan32@blog.com,Genderqueer,PH,44
112,Berthe,Crumly,bcrumly33@buzzfeed.com,Male,CU,77
113,Talbert,MacCurley,,Male,ID,7
114,D'arcy,Klimus,dklimus35@flavors.me,Female,RU,6
115,Corinne,Stanning,cstanning36@yale.edu,Male,ID,46
116,Luce,Streight,lstreight37@stumbleupon.com,Genderfluid,CN,97
117,Tadeo,Sparshott,,Male,MG,17
118,Dane,Gligoraci,dgligoraci39@rambler.ru,Bigender,IT,83
119,Mile,Stirrup,mstirrup3a@qq.com,Agender,ID,22
120,Agosto,Shreve,ashreve3b@yandex.ru,Polygender,UA,29
121,Armstrong,Bisterfeld,abisterfeld3c@bravesites.com,Bigender,LY,5
122,Forester,Sadat,fsadat3d@noaa.gov,Agender,CA,59
123,Margarita,,mlewington3e@theglobeandmail.com,Polygender,CN,48
124,Cori,Collingdon,,Genderqueer,US,24
125,Teri,Maxsted,tmaxsted3g@mtv.com,Male,AR,31
126,Tybie,,tcrilley3h@state.gov,Genderqueer,CA,13
127,Webb,Cordet,wcordet3i@ibm.com,Agender,ID,36
128,Phillis,Fearne,pfearne3j@multiply.com,Polygender,US,8
129,Linnet,Atchly,latchly3k@theglobeandmail.com,Non-binary,AM,62
130,Seline,Gerdes,,Female,PE,35
131,Penrod,Bumfrey,pbumfrey3m@vkontakte.ru,Male,CN,66
132,Rafaello,Stathor,,Female,PH,94
133,Bobbie,Ortzen,,Polygender,PY,83
134,Carey,Perree,cperree3p@usa.gov,Male,PL,20
135,Chrysler,O'Sherin,cosherin3q@amazon.co.jp,Bigender,CN,58
136,Bria,Sighart,bsighart3r@mayoclinic.com,Female,US,75
137,Terry,Garie,tgarie3s@addtoany.com,Female,PH,19
138,Gaynor,Nunn,gnunn3t@networksolutions.com,Polygender,MT,77
139,Natty,Deacon,ndeacon3u@ning.com,Female,CA,35
140,Nevile,Carlens,,Female,TH,21
141,Gnni,Ravenshear,gravenshear3w@bizjournals.com,Non-binary,ID,
142,Dolorita,Kleinstein,,Female,SE,27
143,Silvain,Hackworth,shackworth3y@mediafire.com,Agender,CN,
144,Ania,Bridgstock,abridgstock3z@nih.gov,Male,TH,3
145,Florry,Kagan,fkagan40@deliciousdays.com,Genderqueer,CR,64
146,Karl,Liccardi,kliccardi41@google.com.br,Genderqueer,VN,
147,Humphrey,Lenahan,hlenahan42@sciencedaily.com,Polygender,HN,77
148,Margalo,Jeacop,mjeacop43@cargocollective.com,Non-binary,EC,61
149,Emmi,Bow,ebow44@ezinearticles.com,Non-binary,PL,88
150,Craggie,Davidman,cdavidman45@scribd.com,Non-binary,BR,10
151,Carlynne,Woodhouse,,Genderfluid,EE,29
152,Lizette,Beal,lbeal47@lulu.com,Non-binary,RU,63
153,Felicle,Ellison,fellison48@jigsy.com,Male,PT,67
154,Cyndy,Merkel,cmerkel49@xinhuanet.com,Bigender,TH,21
155,Jerrylee,Pfeffel,jpfeffel4a@eepurl.com,Female,CN,100
156,Parke,Faltskog,pfaltskog4b@redcross.org,Non-binary,ID,78
157,Ilene,Denford,,Polygender,PE,8
158,Gratiana,Clawley,gclawley4d@psu.edu,Agender,CN,42
159,Tyler,Josefer,,Non-binary,CN,73
160,Noam,,nmottley4f@mysql.com,Bigender,AR,38
161,Tuckie,Sein,tsein4g@google.it,Agender,BR,32
162,Ralph,Bode,rbode4h@dailymail.co.uk,Female,PH,
163,D'arcy,Slucock,dslucock4i@cargocollective.com,Agender,PL,39
164,Emlyn,Sanzio,,Genderfluid,CA,44
165,Korney,Carsberg,kcarsberg4k@t-online.de,Non-binary,PH,91
166,Mufi,Dubble,mdubble4l@fda.gov,Bigender,ET,30
167,Maynard,Dearing,mdearing4m@nationalgeographic.com,Genderfluid,AM,15
168,Annette,Itzik,aitzik4n@infoseek.co.jp,Bigender,MY,41
169,Khalil,,kbirtwistle4o@godaddy.com,Male,CN,81
170,Blane,Badsworth,bbadsworth4p@squarespace.com,Non-binary,CN,78
171,Catherin,Rand,crand4q@oaic.gov.au,Male,ID,81
172,Allsun,Whitehouse,awhitehouse4r@wp.com,Agender,CN,24
173,Lyndsay,Partrick,lpartrick4s@themeforest.net,Polygender,JP,97
174,Elmo,Chenery,echenery4t@freewebs.com,Genderfluid,PE,
175,Kori,Abbe,kabbe4u@army.mil,Agender,MM,
176,Felicio,Newlands,fnewlands4v@stumbleupon.com,Agender,FR,19
177,Bertrando,Sadry,bsadry4w@meetup.com,Male,PL,15
178,Eudora,Hiers,ehiers4x@amazonaws.com,Bigender,RU,56
179,Verla,Sudddard,vsudddard4y@google.co.uk,Bigender,IR,37
180,Marilee,Craythorne,mcraythorne4z@cargocollective.com,Genderfluid,ID,91
181,Nedda,Matschoss,nmatschoss50@eventbrite.com,Bigender,PH,78
182,Nana,Ripon,nripon51@forbes.com,Female,SE,77
183,Richmound,Wabersinke,rwabersinke52@pcworld.com,Genderqueer,CN,4
184,Melisent,Cummine,,Non-binary,KG,44
185,Georgianne,L'oiseau,gloiseau54@merriam-webster.com,Male,CA,58
186,Leonora,Whodcoat,lwhodcoat55@hc360.com,Bigender,CN,
187,Loren,Burgise,lburgise56@statcounter.com,Female,MA,88
188,Krista,Lakenton,,Genderqueer,TH,63
189,Elisabetta,Karpfen,,Female,US,
190,Cody,Agirre,cagirre59@google.co.uk,Non-binary,PH,10
191,Brooke,Doughton,bdoughton5a@netlog.com,Genderqueer,GR,1
192,Burnard,Boniface,bboniface5b@cbsnews.com,Polygender,CN,88
193,Lacy,Rigolle,lrigolle5c@qq.com,Polygender,CA,26
194,Gordon,Mayzes,gmayzes5d@behance.net,Non-binary,CA,50
195,Dory,Wenham,dwenham5e@clickbank.net,Female,PE,40
196,Daisy,Daens,ddaens5f@amazon.com,Polygender,CN,75
197,Darcee,Scallon,dscallon5g@thetimes.co.uk,Female,JP,58
198,Danell,Cossons,dcossons5h@merriam-webster.com,Genderfluid,TH,69
199,Ryun,Letty,rletty5i@newsvine.com,Genderfluid,FR,1
200,Vivia,Cowey,vcowey5j@amazon.com,Polygender,BR,42
201,Seward,Ferran,sferran5k@techcrunch.com,Bigender,SE,57
202,Rutherford,Tomsen,rtomsen5l@eventbrite.com,Agender,GR,49
203,Rosa,Galbraeth,rgalbraeth5m@guardian.co.uk,Genderfluid,UA,86
204,Yank,Lainge,,Female,CN,32
205,Granger,O'Duilleain,goduilleain5o@nba.com,Polygender,PK,99
206,Ignacius,Goodrich,,Genderqueer,US,97
207,Paulette,Grubey,pgrubey5q@tripod.com,Female,MN,61
208,Tish,Scaysbrook,tscaysbrook5r@ezinearticles.com,Genderfluid,MX,27
209,Ali,Dehn,adehn5s@dailymotion.com,Genderqueer,CO,92
210,Jeffrey,Wight,,Genderfluid,BR,68
211,Yance,Poile,ypoile5u@msn.com,Bigender,CO,27
212,Roseann,Almon,ralmon5v@trellian.com,Genderqueer,BG,85
213,Wells,Bonelle,wbonelle5w@devhub.com,Non-binary,CA,69
214,Adah,Margerison,amargerison5x@ebay.com,Agender,HN,29
215,Vincent,Barstowk,vbarstowk5y@macromedia.com,Bigender,CO,2
216,Norman,Gilham,ngilham5z@joomla.org,Non-binary,CN,80
217,Lia,Corn,lcorn60@microsoft.com,Genderqueer,FR,45
218,Fabio,Ludovici,fludovici61@fema.gov,Non-binary,RU,43
219,Etheline,Grimbaldeston,egrimbaldeston62@usatoday.com,Bigender,PL,50
220,Nester,M'Quharg,nmquharg63@51.la,Genderfluid,ID,87
221,Alis,,atother64@gnu.org,Genderfluid,CN,52
222,Carmelle,Fish,cfish65@icq.com,Polygender,AM,34
223,Wendy,Vasser,wvasser66@histats.com,Female,RU,59
224,Josias,Clem,jclem67@biblegateway.com,Female,CN,38
225,Ulberto,Clipston,uclipston68@merriam-webster.com,Polygender,VN,78
226,Aaron,Caskie,acaskie69@whitehouse.gov,Genderfluid,CN,58
227,Vite,Seger,vseger6a@reddit.com,Agender,CN,81
228,Ariella,Rushworth,arushworth6b@sciencedirect.com,Agender,PA,100
229,Giselle,,gworthy6c@stumbleupon.com,Polygender,CN,18
230,Franni,Childes,fchildes6d@sakura.ne.jp,Male,PT,
231,Sigvard,Jovic,sjovic6e@google.com.au,Female,CN,79
232,Pam,Bresnen,,Genderqueer,HR,87
233,Maury,Reburn,,Agender,US,45
234,Nevin,,nkeaysell6h@newsvine.com,Non-binary,CN,22
235,Wallie,Chalder,wchalder6i@hud.gov,Male,PL,18
236,Friedrick,Stabbins,fstabbins6j@irs.gov,Genderqueer,GT,53
237,Rockwell,,rmuffitt6k@sbwire.com,Agender,PT,61
238,Karrah,McBrearty,,Genderqueer,AR,81
239,Grove,Speare,gspeare6m@ustream.tv,Female,ID,26
240,Ambrosi,Crapper,acrapper6n@opera.com,Bigender,VE,93
241,Dionysus,Yong,dyong6o@goo.ne.jp,Male,PH,78
242,Corinne,Parsall,cparsall6p@washingtonpost.com,Male,FR,21
243,Mohammed,Fairhurst,mfairhurst6q@statcounter.com,Non-binary,BR,51
244,Brock,Collihole,,Non-binary,RU,86
245,Helli,Faustian,hfaustian6s@wordpress.org,Non-binary,CN,84
246,Eyde,Huleatt,ehuleatt6t@webmd.com,Non-binary,CN,44
247,Nari,Marrion,nmarrion6u@nasa.gov,Polygender,JO,5
248,Morrie,Benford,mbenford6v@yandex.ru,Bigender,PL,
249,Emelyne,Andreaccio,eandreaccio6w@google.com.au,Non-binary,PT,58
250,Phylys,Booley,,Agender,ID,62
251,Minna,Neely,mneely6y@jugem.jp,Female,NO,44
252,Munroe,Fearfull,mfearfull6z@who.int,Bigender,ID,12
253,Berkley,Ladell,bladell70@ocn.ne.jp,Male,ID,7
254,Kenny,Salliss,ksalliss71@newsvine.com,Genderfluid,CN,19
255,Thorin,Lippitt,tlippitt72@state.tx.us,Genderqueer,PL,55
256,Lucky,Alyoshin,lalyoshin73@senate.gov,Non-binary,CN,73
257,Cortie,Trickett,ctrickett74@symantec.com,Female,ID,9
258,Perla,Glasheen,pglasheen75@squarespace.com,Female,ID,96
259,Timotheus,,tbloschke76@edublogs.org,Polygender,TH,96
260,Karena,,kpaolone77@oaic.gov.au,Agender,GU,71
261,Randal,Cherrett,rcherrett78@goo.gl,Genderqueer,ID,88
262,Roze,Warrender,rwarrender79@yahoo.com,Polygender,CN,58
263,Nickolaus,De Lacey,ndelacey7a@ifeng.com,Genderqueer,RU,23
264,Karoly,Bevans,kbevans7b@vkontakte.ru,Polygender,MS,75
265,Elihu,Cordelle,ecordelle7c@boston.com,Agender,GR,15
266,Evelina,Syrie,esyrie7d@addthis.com,Genderqueer,PA,11
267,Marj,Gierok,mgierok7e@is.gd,Bigender,AZ,16
268,Jodie,Burchall,jburchall7f@ihg.com,Agender,TH,25
269,Brnaba,Lambertazzi,blambertazzi7g@fda.gov,Genderfluid,PH,20
270,Lothaire,Bloxsom,lbloxsom7h@facebook.com,Polygender,RU,69
271,Chastity,Scarlett,,Non-binary,ID,100
272,Clark,Calleja,ccalleja7j@nymag.com,Genderfluid,UA,79
273,Bonita,,bdemogeot7k@java.com,Male,CL,46
274,Lisabeth,Larmouth,llarmouth7l@epa.gov,Polygender,CO,69
275,Elinore,Manilow,emanilow7m@baidu.com,Non-binary,PH,16
276,Ozzie,Cuer,ocuer7n@unblog.fr,Non-binary,CN,69
277,Kennett,Cloney,kcloney7o@biglobe.ne.jp,Genderfluid,ID,64
278,Mame,Meaker,mmeaker7p@tumblr.com,Male,RU,
279,Stacia,McNickle,smcnickle7q@ucla.edu,Agender,RU,36
280,Hillery,Jeavons,,Male,AZ,95
281,Sarah,Fortnum,sfortnum7s@hp.com,Genderfluid,PT,29
282,Ianthe,Floyed,ifloyed7t@4shared.com,Genderqueer,PT,73
283,Jacquenette,Britnell,jbritnell7u@pen.io,Agender,CZ,
284,Asia,Dyka,adyka7v@skyrock.com,Genderfluid,PL,88
285,Sayer,Gravell,sgravell7w@sitemeter.com,Polygender,RU,48
286,Charlton,Spalton,cspalton7x@storify.com,Female,ID,8
287,Zorana,Connew,zconnew7y@cmu.edu,Genderqueer,CN,81
288,Rooney,Winkle,rwinkle7z@huffingtonpost.com,Bigender,ID,79
289,Roi,Dyzart,rdyzart80@whitehouse.gov,Non-binary,PL,71
290,Fredrika,,fcalloway81@mtv.com,Bigender,BR,91
291,Vania,Charlesworth,vcharlesworth82@canalblog.com,Genderqueer,PH,3
292,Penelope,Zavittieri,pzavittieri83@usda.gov,Genderqueer,CN,54
293,Emalee,Stelljes,estelljes84@whitehouse.gov,Genderqueer,CN,
294,Dorthea,Weatherup,dweatherup85@amazon.com,Bigender,SE,40
295,Ethe,Busby,,Non-binary,MY,85
296,Jorry,Turbat,jturbat87@census.gov,Polygender,CN,4
297,Kayley,Daunay,kdaunay88@ow.ly,Genderqueer,CN,53
298,Rosemonde,Breese,rbreese89@ow.ly,Non-binary,CZ,12
299,Codie,,cedwinson8a@archive.org,Male,CL,22
300,Bo,McGruar,bmcgruar8b@meetup.com,Bigender,PE,15
301,Hillie,,hwaber8c@opensource.org,Agender,AL,65
302,Jonathon,Astman,jastman8d@springer.com,Polygender,TN,27
303,Carey,Habbeshaw,chabbeshaw8e@123-reg.co.uk,Male,CN,91
304,Lisabeth,Jepensen,,Male,PT,74
305,Mildred,O'Lahy,molahy8g@ucsd.edu,Male,US,63
306,Igor,Karpinski,ikarpinski8h@scientificamerican.com,Non-binary,CN,
307,Joceline,Spincks,,Polygender,CN,88
308,Elisha,O'Nions,eonions8j@ocn.ne.jp,Bigender,ES,91
309,Heddie,Rosenzwig,hrosenzwig8k@dmoz.org,Genderqueer,CN,92
310,Seymour,Hurburt,shurburt8l@cnet.com,Genderfluid,JP,81
311,Bibby,Darleston,bdarleston8m@hp.com,Non-binary,CU,26
312,Juliann,Windebank,jwindebank8n@drupal.org,Genderqueer,RU,21
313,Crawford,Capelin,ccapelin8o@blogger.com,Bigender,AF,25
314,Quinton,Mangeney,qmangeney8p@newyorker.com,Female,NO,40
315,Ryley,Meikle,,Bigender,SE,1
316,Lazare,Van Arsdalen,,Female,PS,52
317,Floris,McAnellye,fmcanellye8s@ibm.com,Polygender,UA,94
318,Lyndell,Dallicott,ldallicott8t@privacy.gov.au,Genderqueer,PL,
319,Cassondra,Topping,ctopping8u@hexun.com,Male,CN,34
320,Deonne,Iacoviello,diacoviello8v@google.de,Genderfluid,BY,64
321,Brand,,btart8w@who.int,Non-binary,CN,88
322,Evelina,Jahnel,ejahnel8x@shareasale.com,Male,PH,59
323,Batholomew,Oldknow,boldknow8y@people.com.cn,Genderfluid,IR,38
324,Ingrid,Fink,ifink8z@army.mil,Polygender,CN,9
325,Roddy,Tedahl,rtedahl90@mozilla.com,Female,FR,80
326,Ludovika,Francino,lfrancino91@kickstarter.com,Female,BT,40
327,Bessie,,bdeeth92@thetimes.co.uk,Male,PL,98
328,Quentin,Elsegood,qelsegood93@t.co,Genderfluid,IR,100
329,Bernette,Chapelhow,bchapelhow94@blinklist.com,Female,PS,36
330,Virgilio,Kenneway,vkenneway95@statcounter.com,Polygender,PL,75
331,Otto,Hallford,ohallford96@tripadvisor.com,Female,ZW,70
332,Pansy,Onslow,ponslow97@yale.edu,Genderqueer,CN,91
333,Piggy,Woodroffe,pwoodroffe98@sourceforge.net,Bigender,CN,
334,Clayborn,Lumby,clumby99@pcworld.com,Female,CN,12
335,Charity,Strattan,cstrattan9a@skyrock.com,Male,ID,11
336,Sheila-kathryn,Sambles,ssambles9b@ftc.gov,Agender,PL,45
337,Jedd,Halpen,jhalpen9c@marketwatch.com,Polygender,CA,50
338,Durward,Shakshaft,dshakshaft9d@123-reg.co.uk,Female,PL,43
339,Cosme,Artinstall,cartinstall9e@over-blog.com,Agender,LT,89
340,Brien,Delagnes,bdelagnes9f@angelfire.com,Genderqueer,SE,79
341,Fernanda,,,Bigender,ID,52
342,Beaufort,Dailly,bdailly9h@cnet.com,Female,CU,76
343,Elvira,Gerrietz,egerrietz9i@fema.gov,Female,BR,8
344,Sally,Franzoli,sfranzoli9j@seesaa.net,Non-binary,PT,53
345,Shawnee,Twell,stwell9k@newsvine.com,Male,AR,60
346,Lorilyn,Couve,lcouve9l@arstechnica.com,Bigender,SE,
347,Ellsworth,Trineman,etrineman9m@list-manage.com,Genderfluid,TJ,
348,Dalton,Bossel,dbossel9n@cbsnews.com,Bigender,MA,84
349,Fina,Caveney,,Non-binary,ID,77
350,Dev,Laity,dlaity9p@indiatimes.com,Genderfluid,ID,69
351,Robert,Lainge,rlainge9q@whitehouse.gov,Genderfluid,US,89
352,Ferd,Coal,fcoal9r@cafepress.com,Polygender,PH,10
353,Stillman,Collumbine,scollumbine9s@sogou.com,Female,CN,52
354,Ferdinande,Anselm,fanselm9t@wiley.com,Polygender,AM,10
355,Dora,Bennit,dbennit9u@facebook.com,Female,RU,
356,Clint,Nolli,cnolli9v@ftc.gov,Female,TH,
357,Arin,Sawrey,asawrey9w@economist.com,Polygender,TN,83
358,Honoria,Gotthard.sf,hgotthardsf9x@bloomberg.com,Genderqueer,ID,20
359,Maurizio,Hugle,mhugle9y@google.fr,Genderfluid,AR,80
360,Chaim,Iannazzi,ciannazzi9z@fema.gov,Bigender,ID,63
361,Karl,Keiling,kkeilinga0@hugedomains.com,Female,ID,52
362,Kiri,Shorey,kshoreya1@hc360.com,Genderfluid,SE,22
363,Daryl,Chase,,Genderqueer,BY,86
364,Ivar,Casini,icasinia3@cdbaby.com,Genderfluid,CN,80
365,Johannah,Caherny,jcahernya4@geocities.jp,Male,ID,43
366,Bald,Pardal,bpardala5@abc.net.au,Agender,CN,47
367,Almeta,Blabber,ablabbera6@simplemachines.org,Male,CN,15
368,Malanie,Pierson,mpiersona7@unesco.org,Genderqueer,GB,72
369,Codi,Burrells,cburrellsa8@pinterest.com,Agender,CN,61
370,Gaye,Milleton,gmilletona9@baidu.com,Bigender,CN,82
371,Una,Stappard,ustappardaa@wikipedia.org,Male,SE,34
372,Lyn,Rego,lregoab@gizmodo.com,Female,ID,2
373,Rhett,Hardiman,rhardimanac@over-blog.com,Genderqueer,CN,87
374,Gerianne,Kays,gkaysad@miitbeian.gov.cn,Male,FR,31
375,Marigold,Joannidi,mjoannidiae@dion.ne.jp,Agender,AR,64
376,Harv,Thirwell,hthirwellaf@wikipedia.org,Bigender,TZ,1
377,Callida,McKellar,cmckellarag@mit.edu,Non-binary,CN,67
378,Koral,Chippindall,kchippindallah@spiegel.de,Bigender,PH,13
379,Barbee,Balint,bbalintai@irs.gov,Non-binary,ID,70
380,Kristofer,Adess,kadessaj@bloomberg.com,Female,OM,60
381,Chen,Hubbucke,chubbuckeak@newyorker.com,Polygender,CN,31
382,Kittie,McTerlagh,kmcterlaghal@geocities.jp,Bigender,LU,14
383,Rhett,Rickets,rricketsam@bigcartel.com,Agender,FI,97
384,Suzann,Matschke,smatschkean@prlog.org,Male,AZ,89
385,Gerianne,McInnery,,Female,UA,80
386,Neil,Crohan,ncrohanap@bigcartel.com,Agender,GB,63
387,Amata,Dumingo,adumingoaq@netlog.com,Male,CN,10
388,Nessie,Fosh,nfoshar@bloglovin.com,Non-binary,PH,13
389,Jeramie,Williscroft,jwilliscroftas@bandcamp.com,Genderqueer,RU,51
390,Farlee,Hearnaman,fhearnamanat@blogtalkradio.com,Bigender,ID,19
391,Marne,Osselton,mosseltonau@shutterfly.com,Female,CN,60
392,Sascha,McCrillis,smccrillisav@freewebs.com,Bigender,PT,47
393,Jared,Sybry,jsybryaw@rediff.com,Male,RU,
394,Lionello,Gonoude,lgonoudeax@cdc.gov,Genderqueer,CN,61
395,Cam,,ccovillay@hatena.ne.jp,Genderqueer,UA,
396,Venus,,,Genderfluid,RU,22
397,Kaila,Bahike,kbahikeb0@w3.org,Bigender,CN,77
398,Clarita,Brearley,cbrearleyb1@boston.com,Non-binary,BY,
399,Marleah,Kennett,mkennettb2@alexa.com,Genderqueer,ID,31
400,Lurlene,Klouz,lklouzb3@amazonaws.com,Genderfluid,TH,89
401,Frazier,Reiling,freilingb4@google.fr,Non-binary,CO,
402,Aeriell,Barron,abarronb5@jiathis.com,Agender,PH,63
403,Darius,Linscott,dlinscottb6@ucoz.com,Non-binary,NG,8
404,Janelle,Message,jmessageb7@wiley.com,Polygender,CN,34
405,Spike,Hanhard,shanhardb8@fastcompany.com,Female,CN,42
406,Fowler,O' Molan,fomolanb9@dropbox.com,Genderqueer,PT,86
407,Tabb,Widmoor,twidmoorba@live.com,Agender,CN,87
408,Stephani,Vasyukhnov,svasyukhnovbb@senate.gov,Polygender,LT,46
409,Dickie,Casseldine,,Genderqueer,SD,93
410,Dougy,Brownsell,dbrownsellbd@weather.com,Non-binary,CN,45
411,Rowe,Riccelli,rriccellibe@tmall.com,Female,CN,47
412,Jean,Laste,jlastebf@accuweather.com,Female,MX,3
413,Marguerite,Jenicek,,Genderfluid,GR,19
414,Porty,Escala,,Genderfluid,MQ,96
415,Chevalier,Hallin,,Genderqueer,CN,7
416,Marice,Feedham,,Genderfluid,DE,72
417,Osgood,Witham,,Genderqueer,HU,81
418,Carmine,Deevey,cdeeveybl@ftc.gov,Genderqueer,CZ,75
419,Aloysia,Doughill,adoughillbm@spotify.com,Female,PH,59
420,Caesar,Peggrem,cpeggrembn@craigslist.org,Male,CN,70
421,Cristine,Marcinkus,cmarcinkusbo@example.com,Agender,US,70
422,Emily,,ecodibp@yandex.ru,Non-binary,AR,39
423,Asher,,afersonbq@apache.org,Female,LV,83
424,Tarrah,Delcastel,tdelcastelbr@a8.net,Agender,CN,33
425,Dannye,Alvarado,dalvaradobs@wikia.com,Bigender,CN,73
426,Brett,Bernardon,bbernardonbt@jiathis.com,Genderqueer,BG,59
427,Dorry,Izchaki,dizchakibu@hc360.com,Non-binary,RU,14
428,Doyle,,dwrothbv@oakley.com,Bigender,ID,11
429,Winnah,Benwell,wbenwellbw@jigsy.com,Polygender,HT,31
430,Angelle,Laverick,alaverickbx@imgur.com,Agender,SN,60
431,Franklyn,Martynov,fmartynovby@boston.com,Agender,JP,6
432,Merle,D'Acth,,Female,RU,90
433,Roderick,Doncaster,rdoncasterc0@marketwatch.com,Agender,AF,5
434,Trstram,McCudden,tmccuddenc1@addthis.com,Male,PL,53
435,Zack,Braams,zbraamsc2@macromedia.com,Genderfluid,BR,82
436,Wright,McCrory,wmccroryc3@opensource.org,Genderfluid,ID,68
437,Norton,Marns,nmarnsc4@europa.eu,Polygender,HN,46
438,Emanuele,Corneliussen,ecorneliussenc5@google.es,Polygender,SE,
439,Adelice,Elcoate,aelcoatec6@google.com.br,Non-binary,UA,
440,Naoma,Van de Vlies,nvandevliesc7@acquirethisname.com,Genderqueer,CN,17
441,Devinne,Coldtart,,Non-binary,KR,74
442,Harcourt,Ebbotts,,Genderqueer,PL,91
443,Suzanna,Dunsmore,sdunsmoreca@europa.eu,Agender,PH,50
444,Ag,Gilfether,agilfethercb@ft.com,Male,MY,52
445,Angil,Trolley,atrolleycc@csmonitor.com,Polygender,CN,50
446,Fredia,Culmer,fculmercd@wikispaces.com,Bigender,ID,22
447,Mercedes,Wellfare,mwellfarece@cyberchimps.com,Bigender,CN,8
448,Dorian,Purdon,dpurdoncf@dailymotion.com,Male,CN,92
449,Ezra,Galiford,egalifordcg@sogou.com,Non-binary,ID,43
450,Aidan,Gatiss,agatissch@themeforest.net,Female,CN,66
451,Clarinda,Grugerr,cgrugerrci@freewebs.com,Polygender,PT,22
452,Lutero,Glasner,lglasnercj@about.me,Female,RU,57
453,Robbie,Fawcitt,rfawcittck@spiegel.de,Male,ID,3
454,Rikki,Hacking,rhackingcl@adobe.com,Agender,BR,7
455,Kevin,Stable,kstablecm@paypal.com,Female,BY,
456,Trudie,Drife,tdrifecn@apple.com,Genderfluid,CZ,61
457,Aloin,Dirkin,adirkinco@reverbnation.com,Non-binary,ID,75
458,Jaye,Cubbon,jcubboncp@unc.edu,Non-binary,IE,50
459,Calvin,Wildman,cwildmancq@edublogs.org,Male,PL,35
460,Maridel,Pendle,mpendlecr@github.io,Female,FR,69
461,Reba,Fairbeard,rfairbeardcs@marriott.com,Polygender,ID,36
462,Marion,Mountlow,mmountlowct@yahoo.co.jp,Non-binary,PL,11
463,Theodoric,Flieg,tfliegcu@cargocollective.com,Non-binary,RU,
464,Darrell,Gudger,dgudgercv@networksolutions.com,Male,PW,
465,Filmer,Tollerton,ftollertoncw@fastcompany.com,Polygender,CN,49
466,Omero,,ostockingscx@soundcloud.com,Bigender,CN,8
467,Cecil,Donati,cdonaticy@zimbio.com,Non-binary,CN,60
468,Trever,Littrik,tlittrikcz@shareasale.com,Agender,CN,98
469,Lorianne,,lgrimoldbyd0@photobucket.com,Male,JP,7
470,Vanessa,Innocent,vinnocentd1@ow.ly,Male,FR,17
471,Auroora,La Grange,alagranged2@mysql.com,Female,HN,63
472,Barbaraanne,Clemonts,bclemontsd3@cdbaby.com,Bigender,BG,63
473,Lindie,,linded4@imgur.com,Agender,RU,33
474,Sosanna,Flew,sflewd5@storify.com,Agender,FR,34
475,Shaw,Bazoge,sbazoged6@cnet.com,Bigender,SE,56
476,Aurelie,Gummow,agummowd7@home.pl,Genderqueer,US,49
477,Nanete,Goseling,ngoselingd8@domainmarket.com,Genderfluid,DO,60
478,Gena,Bastide,gbastided9@chron.com,Genderfluid,CH,15
479,Boycey,Sowerbutts,bsowerbuttsda@flickr.com,Female,RU,45
480,Kamillah,Halbord,khalborddb@slashdot.org,Bigender,ID,48
481,Shawna,Uman,sumandc@t-online.de,Female,ML,94
482,Dottie,Mence,dmencedd@bing.com,Bigender,CN,88
483,Charlene,Crowcum,ccrowcumde@51.la,Non-binary,CN,44
484,Rutger,Dirkin,rdirkindf@cpanel.net,Polygender,RU,84
485,Kim,Frampton,kframptondg@histats.com,Male,CN,12
486,Garv,Bedrosian,gbedrosiandh@ehow.com,Agender,AM,58
487,Hertha,Cocher,hcocherdi@dagondesign.com,Agender,CN,94
488,Bobette,Burd,bburddj@moonfruit.com,Female,CO,35
489,Monti,Cianelli,,Genderfluid,AF,21
490,Dacy,Belliard,,Non-binary,MX,2
491,Andrej,Suffield,asuffielddm@arizona.edu,Genderqueer,AF,92
492,Ayn,,asartindn@phoca.cz,Polygender,PH,3
493,Kissee,Attersoll,kattersolldo@house.gov,Female,CN,52
494,Jaquenetta,Moyser,jmoyserdp@boston.com,Male,CO,7
495,Wallie,Brookfield,wbrookfielddq@cnn.com,Non-binary,RU,60
496,Archibold,Ravenscraft,aravenscraftdr@constantcontact.com,Female,LR,27
497,Junie,Paula,jpaulads@tinyurl.com,Male,FR,44
498,Roderick,Caen,rcaendt@harvard.edu,Genderqueer,PT,67
499,Julieta,Chiswell,jchiswelldu@nba.com,Male,CN,80
500,Whitaker,Moncrieffe,wmoncrieffedv@dropbox.com,Bigender,ID,61
501,Albina,Andersch,aanderschdw@mtv.com,Non-binary,PL,22
502,Brendis,Cordeux,bcordeuxdx@home.pl,Female,AL,36
503,Lilah,Hawkshaw,lhawkshawdy@usnews.com,Genderqueer,ID,83
504,Jessika,Antoniutti,jantoniuttidz@bbc.co.uk,Genderfluid,TH,20
505,Karena,Asson,kassone0@google.pl,Genderfluid,BR,80
506,Cherida,Figurski,cfigurskie1@unesco.org,Agender,RU,17
507,Pascale,Shegog,pshegoge2@histats.com,Bigender,CR,87
508,Wilburt,Hillen,whillene3@gizmodo.com,Bigender,ID,33
509,Dell,Harding,dhardinge4@goo.ne.jp,Female,RU,21
510,Eleanora,Kimber,ekimbere5@csmonitor.com,Male,CO,72
511,Dulsea,McGown,dmcgowne6@zdnet.com,Non-binary,CN,38
512,Isa,Eslemont,ieslemonte7@tuttocitta.it,Genderfluid,ZA,64
513,Ivory,Giacomi,igiacomie8@hp.com,Non-binary,SE,
514,Eldin,Elleyne,eelleynee9@va.gov,Male,CN,19
515,Liz,Engledow,lengledowea@slideshare.net,Agender,ID,36
516,Mavra,Richemont,mrichemonteb@myspace.com,Agender,GH,6
517,Valentin,Greenhalgh,,Female,YE,29
518,Dimitry,Shrubshall,dshrubshalled@blogs.com,Agender,BR,22
519,Juditha,,jburnellee@diigo.com,Genderqueer,FI,30
520,Ollie,Mangam,omangamef@google.co.uk,Female,CN,2
521,Carleen,Laws,clawseg@businesswire.com,Polygender,ID,18
522,Sheri,Longbone,slongboneeh@yale.edu,Non-binary,RU,23
523,Dalila,Butner,dbutnerei@wordpress.org,Polygender,PH,91
524,Allix,,awilliscroftej@hugedomains.com,Polygender,RU,94
525,Boote,Tuley,btuleyek@networksolutions.com,Male,CN,98
526,Aubrey,Bradd,abraddel@va.gov,Non-binary,CN,28
527,Ferdinanda,Lyddon,flyddonem@feedburner.com,Agender,CN,98
528,Huntley,Scardifield,hscardifielden@reuters.com,Polygender,RU,28
529,Kleon,Palfreeman,kpalfreemaneo@delicious.com,Genderfluid,BO,33
530,Abbie,Wisniowski,awisniowskiep@cafepress.com,Non-binary,PT,33
531,Pierette,Blunsden,pblunsdeneq@godaddy.com,Agender,ID,
532,Hy,McGooch,hmcgoocher@tinyurl.com,Polygender,CN,67
533,Katlin,Meyrick,kmeyrickes@ed.gov,Genderfluid,RU,38
534,Billy,Adolfson,badolfsonet@phoca.cz,Genderfluid,TJ,98
535,Maurizio,Smewing,msmewingeu@reddit.com,Female,CN,11
536,Malia,Devenport,mdevenportev@pen.io,Female,ID,11
537,Elaine,Meriguet,emeriguetew@webs.com,Agender,AR,38
538,Pearle,Malinson,pmalinsonex@ca.gov,Male,FR,33
539,Anthea,Rosander,arosanderey@scientificamerican.com,Bigender,CN,34
540,Rriocard,Brandel,rbrandelez@bandcamp.com,Agender,SE,5
541,Arty,Stoffersen,astoffersenf0@dedecms.com,Bigender,RU,98
542,Earl,Try,etryf1@merriam-webster.com,Polygender,KH,25
543,Flossy,Boykett,,Female,ID,14
544,Jacobo,Laker,jlakerf3@shareasale.com,Genderfluid,RU,4
545,Lacy,Alberts,lalbertsf4@unesco.org,Male,PH,22
546,Bryana,Bernini,bberninif5@timesonline.co.uk,Female,SE,46
547,Cathrin,Lavin,clavinf6@feedburner.com,Genderqueer,NG,29
548,Virgil,Ellershaw,vellershawf7@fc2.com,Female,UZ,89
549,Tiffanie,Haistwell,,Female,CN,90
550,Aldous,Gerring,agerringf9@tinyurl.com,Male,CZ,87
551,Kristoforo,Harverson,kharversonfa@omniture.com,Genderfluid,SE,25
552,Justine,Currall,jcurrallfb@ftc.gov,Bigender,RU,51
553,Bjorn,Trewman,btrewmanfc@house.gov,Female,LY,67
554,Tanitansy,Yates,tyatesfd@spiegel.de,Genderqueer,RU,14
555,Nealon,Tant,ntantfe@ucsd.edu,Bigender,CN,49
556,Donavon,Thorpe,,Polygender,RU,17
557,Ariadne,Mepsted,amepstedfg@jimdo.com,Non-binary,ET,67
558,Abbie,Rissen,arissenfh@gravatar.com,Bigender,FR,9
559,Eziechiele,Dubois,eduboisfi@tamu.edu,Polygender,PL,40
560,Alix,Dyas,adyasfj@usatoday.com,Bigender,CN,25
561,Shepard,Pryce,sprycefk@webmd.com,Female,PL,44
562,Annamaria,Cocci,,Polygender,HN,93
563,Kiel,Andresen,kandresenfm@imdb.com,Agender,CN,43
564,Tomasine,Cordier,tcordierfn@cbc.ca,Male,LU,75
565,Keslie,Mottershead,kmottersheadfo@plala.or.jp,Polygender,PT,99
566,Krystyna,Garlant,kgarlantfp@icio.us,Genderqueer,CN,92
567,Venita,Janjic,vjanjicfq@live.com,Polygender,CN,86
568,Boot,Jakubovits,bjakubovitsfr@paginegialle.it,Male,FR,73
569,Hagen,Symmers,hsymmersfs@skyrock.com,Bigender,ZA,45
570,Lorrin,Skala,lskalaft@moonfruit.com,Non-binary,JM,60
571,Adoree,Seakings,,Polygender,CN,54
572,Berton,Camier,bcamierfv@naver.com,Bigender,US,
573,Donella,Estick,destickfw@ycombinator.com,Female,SI,88
574,Kimberley,Esherwood,kesherwoodfx@zimbio.com,Male,VN,56
575,Valentijn,Hanny,vhannyfy@wikispaces.com,Genderfluid,NO,96
576,Maximilianus,Garrals,mgarralsfz@cmu.edu,Genderqueer,US,87
577,Garret,,gmayowg0@bluehost.com,Agender,CN,
578,Stefano,Gouldstraw,,Genderfluid,CN,
579,Cherlyn,Spir,cspirg2@wiley.com,Genderfluid,CN,64
580,Vivian,Wrinch,vwrinchg3@webeden.co.uk,Non-binary,US,93
581,Gayle,Lentsch,glentschg4@patch.com,Female,FI,13
582,Salvador,Friedman,sfriedmang5@example.com,Polygender,FR,68
583,Sibylle,Izakovitz,sizakovitzg6@hc360.com,Genderfluid,US,
584,Archy,Schulz,aschulzg7@opera.com,Male,CN,9
585,Dulcy,,dboobyerg8@goo.gl,Non-binary,RU,35
586,Ilise,Mac,imacg9@cornell.edu,Male,PL,9
587,Archie,Helis,ahelisga@hatena.ne.jp,Genderfluid,SI,38
588,Rivalee,Gourlie,rgourliegb@toplist.cz,Genderfluid,TM,47
589,Clea,,cmelingc@oaic.gov.au,Male,PH,5
590,Hubert,Clayborn,hclayborngd@bravesites.com,Genderqueer,VN,
591,Selma,Arran,sarrange@cbslocal.com,Female,PH,42
592,Erroll,Manginot,emanginotgf@nyu.edu,Female,NG,34
593,Mischa,Ker,mkergg@mysql.com,Bigender,MN,55
594,Colby,Thame,cthamegh@dell.com,Agender,PE,77
595,Kent,,ksimonnetgi@chicagotribune.com,Non-binary,NZ,78
596,Lannie,,lphippsgj@deviantart.com,Genderfluid,ID,65
597,Ximenez,Grinyakin,xgrinyakingk@t.co,Polygender,ID,86
598,Belita,Ickovic,,Genderqueer,RS,55
599,Karyl,Kremer,kkremergm@parallels.com,Female,PE,84
600,Estell,Humble,,Non-binary,CZ,58
601,Harmony,Ainsley,hainsleygo@google.com.hk,Male,ID,4
602,Ruthie,Pentycross,rpentycrossgp@123-reg.co.uk,Bigender,TZ,84
603,Vanya,,vdefilippogq@sciencedirect.com,Bigender,PL,47
604,Jemmy,Kestian,jkestiangr@g.co,Bigender,FR,34
605,Kelli,Flute,kflutegs@blogtalkradio.com,Female,LR,98
606,Ephrem,Hercock,ehercockgt@msn.com,Polygender,CN,32
607,Elna,Olivetta,eolivettagu@umich.edu,Bigender,TZ,42
608,Neile,Ould,nouldgv@cloudflare.com,Female,DE,9
609,Drake,Blevin,,Genderqueer,US,41
610,Anne-marie,Currao,acurraogx@reverbnation.com,Polygender,PL,92
611,Dyanne,Staziker,dstazikergy@prlog.org,Genderfluid,AX,29
612,Freedman,Etchingham,fetchinghamgz@yellowbook.com,Polygender,CZ,21
613,Bobinette,Peterken,bpeterkenh0@wikia.com,Non-binary,FR,50
614,Billy,Whorf,bwhorfh1@usda.gov,Agender,PS,32
615,Yank,Crathern,ycrathernh2@google.ru,Bigender,ID,48
616,Isidoro,Sheraton,isheratonh3@merriam-webster.com,Genderfluid,VE,69
617,Chilton,Chung,cchungh4@sbwire.com,Bigender,RU,52
618,Clyde,Castagnier,ccastagnierh5@webnode.com,Genderfluid,CA,68
619,Rheba,Jakov,,Bigender,NI,36
620,Asher,Ruggs,aruggsh7@fc2.com,Genderfluid,CN,23
621,Meg,Grocott,mgrocotth8@cnbc.com,Polygender,AZ,92
622,Fae,Ceaser,,Non-binary,UA,49
623,Nolly,Santello,nsantelloha@mlb.com,Bigender,CN,44
624,Lynnea,Karpychev,lkarpychevhb@hexun.com,Female,ID,5
625,Martha,Andersson,manderssonhc@cbc.ca,Agender,BR,87
626,Bourke,McKag,bmckaghd@yolasite.com,Agender,PT,18
627,Rudolph,Tidmas,rtidmashe@vinaora.com,Agender,AR,94
628,Roth,Micheau,rmicheauhf@opensource.org,Female,JP,93
629,Alameda,,aplumridegehg@bloglovin.com,Polygender,PL,90
630,Portie,Pegden,ppegdenhh@skype.com,Genderfluid,VE,36
631,Vladamir,Brackenbury,vbrackenburyhi@taobao.com,Genderqueer,CN,33
632,Leanor,Tejero,ltejerohj@tuttocitta.it,Polygender,FI,22
633,Cristi,de Keep,,Bigender,CN,80
634,Nicol,Harty,nhartyhl@earthlink.net,Female,EE,39
635,Jeffry,Casillis,jcasillishm@apple.com,Non-binary,MA,56
636,Leonidas,Maun,lmaunhn@mashable.com,Genderqueer,BR,4
637,Claire,Lakenden,clakendenho@a8.net,Polygender,ID,22
638,Aloisia,Melvin,amelvinhp@mediafire.com,Male,RU,33
639,Pam,Linde,plindehq@nba.com,Male,RU,14
640,Fanny,Currier,fcurrierhr@issuu.com,Genderfluid,CN,7
641,Laurene,Tavernor,ltavernorhs@1688.com,Agender,CZ,10
642,Odessa,Follen,ofollenht@yellowpages.com,Genderfluid,ID,51
643,Mikel,Fibbit,mfibbithu@twitter.com,Bigender,US,88
644,Silvana,,ssawbridgehv@gmpg.org,Female,TH,68
645,Corny,Ditt,cditthw@nymag.com,Genderfluid,CN,5
646,Forster,Brosius,fbrosiushx@purevolume.com,Non-binary,RU,
647,Randolf,Lampkin,rlampkinhy@statcounter.com,Non-binary,PH,74
648,Robby,Jannex,rjannexhz@arstechnica.com,Genderqueer,ID,20
649,Bonni,Moon,,Female,ID,
650,Jori,Cursey,,Male,NL,25
651,Dyanne,,dwiltshawi2@about.com,Non-binary,CN,4
652,Elbert,Stoffel,estoffeli3@hostgator.com,Male,ID,5
653,Northrop,Morison,nmorisoni4@biglobe.ne.jp,Polygender,UG,43
654,Ernest,Seabrocke,eseabrockei5@wunderground.com,Agender,CN,
655,Editha,Southern,esoutherni6@harvard.edu,Genderqueer,CZ,83
656,Aveline,Prawle,aprawlei7@dailymotion.com,Bigender,CN,69
657,Mac,Adolphine,madolphinei8@nyu.edu,Polygender,CN,100
658,Melisandra,Kenninghan,mkenninghani9@nifty.com,Genderfluid,PT,7
659,Godfree,Farington,gfaringtonia@bravesites.com,Agender,GR,3
660,Dyan,Clampe,dclampeib@narod.ru,Genderqueer,TH,46
661,Niels,O'Cullinane,nocullinaneic@zdnet.com,Genderqueer,CN,39
662,Teodora,Douce,tdouceid@homestead.com,Male,VN,28
663,Sisely,Jennison,sjennisonie@bbb.org,Male,BR,19
664,Ashby,Feaveryear,afeaveryearif@blogtalkradio.com,Genderqueer,KZ,54
665,Desmund,Crippell,dcrippellig@yandex.ru,Genderqueer,NG,
666,Patrice,Sodory,psodoryih@about.me,Bigender,ID,
667,Galvan,Ungerer,gungererii@odnoklassniki.ru,Female,SI,79
668,Jemimah,Kalinowsky,jkalinowskyij@engadget.com,Non-binary,PK,9
669,Meredith,Mackilpatrick,mmackilpatrickik@cisco.com,Genderqueer,CZ,58
670,Constantia,Ratt,crattil@latimes.com,Polygender,TH,4
671,Terrel,Littleover,tlittleoverim@vkontakte.ru,Male,BR,94
672,Dalia,Loughan,dloughanin@ow.ly,Genderqueer,JP,20
673,Drew,Snassell,dsnassellio@biglobe.ne.jp,Genderqueer,JP,56
674,Rosetta,Shoebridge,rshoebridgeip@example.com,Female,LA,81
675,Merline,Snazel,msnazeliq@e-recht24.de,Genderqueer,US,64
676,Veronike,,vcavenir@reverbnation.com,Agender,FR,69
677,Dick,Heaney`,dheaneyis@hatena.ne.jp,Polygender,PT,72
678,Smith,Ortelt,sorteltit@ucoz.ru,Genderfluid,CZ,59
679,Wallas,Baffin,wbaffiniu@yahoo.com,Female,CA,29
680,Cilka,Parres,cparresiv@apache.org,Polygender,CN,1
681,Jean,Gowry,jgowryiw@loc.gov,Non-binary,RU,55
682,Rheta,Caccavale,rcaccavaleix@flickr.com,Polygender,RU,80
683,Mikkel,Jorissen,mjorisseniy@networkadvertising.org,Male,PH,49
684,Osmund,Dukes,odukesiz@com.com,Genderfluid,RS,68
685,Rafaello,Goward,rgowardj0@csmonitor.com,Female,HU,37
686,Arabella,Sevitt,asevittj1@scientificamerican.com,Bigender,UA,12
687,Saidee,Norheny,snorhenyj2@oracle.com,Female,US,33
688,Ryon,Dallemore,rdallemorej3@trellian.com,Genderqueer,BR,21
689,Dorian,Pimerick,dpimerickj4@example.com,Non-binary,PH,44
690,Esma,Birchenough,ebirchenoughj5@gizmodo.com,Bigender,RU,25
691,Claretta,Mabbett,cmabbettj6@google.com,Polygender,US,15
692,Bill,Comberbach,bcomberbachj7@reddit.com,Non-binary,PW,34
693,Nikolaus,Orhtmann,norhtmannj8@google.com.br,Female,CN,30
694,Aridatha,Hayler,ahaylerj9@wiley.com,Agender,ID,65
695,Welby,Lanfare,wlanfareja@intel.com,Female,PL,24
696,Walton,Handman,whandmanjb@statcounter.com,Male,NL,89
697,Bobinette,Stansbie,bstansbiejc@issuu.com,Genderqueer,CN,
698,Esma,Mordacai,emordacaijd@umich.edu,Male,SY,59
699,Gabi,Klimashevich,gklimashevichje@plala.or.jp,Non-binary,PL,10
700,Chester,Sasser,,Non-binary,RU,2
701,Meara,Fulop,mfulopjg@wordpress.com,Genderqueer,BR,86
702,Angelina,Wallach,awallachjh@webmd.com,Non-binary,ID,64
703,Susette,Atmore,satmoreji@ucoz.ru,Male,PH,56
704,Kissie,Crees,kcreesjj@npr.org,Female,UA,19
705,Charo,Yankeev,,Genderqueer,US,53
706,Carol-jean,Fawbert,cfawbertjl@github.com,Bigender,TH,11
707,Elbertine,Wyllie,ewylliejm@hao123.com,Polygender,EC,82
708,Vlad,Capstack,vcapstackjn@mapquest.com,Female,NO,
709,Doretta,Navaro,dnavarojo@squarespace.com,Female,VN,58
710,Louis,Auger,laugerjp@blinklist.com,Non-binary,PH,
711,Melisandra,Syratt,msyrattjq@homestead.com,Bigender,RU,4
712,Rolland,Tyer,rtyerjr@usgs.gov,Genderfluid,RU,94
713,Georgy,Atmore,gatmorejs@booking.com,Bigender,JM,
714,Nananne,Blakeley,nblakeleyjt@newsvine.com,Genderfluid,UA,50
715,Bili,Pilgram,bpilgramju@usnews.com,Non-binary,IT,2
716,Pansy,Crombie,pcrombiejv@google.nl,Non-binary,DO,45
717,Patsy,Kendell,pkendelljw@ihg.com,Agender,UA,47
718,Peggie,Vermer,pvermerjx@miibeian.gov.cn,Non-binary,IE,16
719,Verina,Tapin,vtapinjy@cnet.com,Non-binary,PL,69
720,Alberik,Tabram,atabramjz@technorati.com,Male,US,97
721,Bernette,Vigars,bvigarsk0@chronoengine.com,Genderfluid,BR,4
722,Wynn,Blasing,wblasingk1@google.co.uk,Genderqueer,JP,10
723,Dukey,Wink,dwinkk2@printfriendly.com,Non-binary,CN,89
724,Worthington,Fellenor,wfellenork3@oaic.gov.au,Female,CO,4
725,Al,Dafter,adafterk4@opera.com,Female,CN,48
726,Wallie,Layzell,wlayzellk5@sina.com.cn,Non-binary,ID,26
727,Lorine,Athridge,lathridgek6@flickr.com,Agender,LB,20
728,Aline,,ataberk7@amazon.de,Agender,DO,
729,Carmita,Cheal,cchealk8@parallels.com,Male,CN,
730,Lilllie,,lruslingk9@google.ca,Female,PE,75
731,Aime,Normanvill,anormanvillka@si.edu,Male,CN,23
732,Phyllis,Abade,pabadekb@myspace.com,Agender,PH,43
733,Carree,Ridge,cridgekc@cpanel.net,Agender,SE,
734,Tabby,Jacobsz,tjacobszkd@symantec.com,Female,CN,42
735,Robb,Londing,rlondingke@github.io,Female,CN,
736,Harold,Lyddiard,hlyddiardkf@imdb.com,Female,CN,75
737,Katha,,krobeirokg@xrea.com,Agender,ID,82
738,Eloisa,Borge,eborgekh@google.ru,Genderqueer,SY,60
739,Penny,Crosier,pcrosierki@qq.com,Bigender,PT,85
740,Maribeth,Bakhrushin,mbakhrushinkj@ocn.ne.jp,Female,CN,
741,Trisha,Huws,,Bigender,CN,90
742,Fenelia,Oakley,foakleykl@live.com,Polygender,TD,36
743,Royal,Gretton,rgrettonkm@ted.com,Genderqueer,CN,40
744,Rowen,Castleton,rcastletonkn@yahoo.com,Bigender,CN,7
745,Shelton,Biffen,sbiffenko@artisteer.com,Genderfluid,PH,62
746,Guendolen,Brumham,gbrumhamkp@bbb.org,Polygender,UA,
747,Maryanna,Skeete,mskeetekq@unc.edu,Genderqueer,PE,78
748,Karolina,,kskivingtonkr@dion.ne.jp,Non-binary,SH,75
749,Brunhilde,Goodship,,Genderfluid,CN,92
750,Traci,Trollope,ttrollopekt@ihg.com,Genderfluid,US,54
751,Ruth,Kassman,rkassmanku@alibaba.com,Genderqueer,CN,15
752,Tabbatha,Alexis,,Bigender,FR,77
753,Nilson,Sorrill,nsorrillkw@craigslist.org,Male,ID,92
754,Trueman,Marquiss,tmarquisskx@cbsnews.com,Agender,ID,49
755,Dallon,Prodrick,dprodrickky@wufoo.com,Genderqueer,ID,100
756,Friedrick,Fevier,ffevierkz@e-recht24.de,Non-binary,RU,80
757,Allyn,Kelmere,akelmerel0@dailymail.co.uk,Male,ZA,68
758,Klemens,Masson,kmassonl1@boston.com,Polygender,CO,48
759,Case,Raulston,craulstonl2@fema.gov,Non-binary,ID,45
760,Fernande,Melchior,fmelchiorl3@freewebs.com,Male,EC,30
761,Dael,Hadenton,dhadentonl4@bravesites.com,Bigender,RU,45
762,Bren,Humphrey,bhumphreyl5@naver.com,Bigender,SE,15
763,Julie,Planque,jplanquel6@comcast.net,Genderfluid,PL,47
764,Malissia,Schroter,mschroterl7@mozilla.org,Polygender,CN,3
765,Rozalie,Boddice,rboddicel8@yandex.ru,Male,CN,96
766,Pinchas,Braga,pbragal9@mayoclinic.com,Non-binary,PH,81
767,Bridgette,Dwelly,,Female,ID,
768,Alonso,Haskett,,Male,MN,4
769,Clarita,Fike,cfikelc@elegantthemes.com,Genderqueer,ID,96
770,Ellary,Iddiens,eiddiensld@cafepress.com,Female,RU,71
771,Rafe,Kenyam,rkenyamle@google.com.hk,Genderqueer,TH,
772,Judy,Woodage,jwoodagelf@com.com,Male,CN,13
773,Laurette,Reynolds,lreynoldslg@webeden.co.uk,Female,PL,49
774,Audi,Perulli,aperullilh@flickr.com,Polygender,BG,68
775,Cary,Winram,cwinramli@jimdo.com,Genderfluid,ID,81
776,Avie,Novic,,Female,CA,91
777,Deane,Dmych,ddmychlk@over-blog.com,Male,RU,76
778,Vevay,Caldroni,vcaldronill@walmart.com,Polygender,PH,12
779,Missy,Lavallin,mlavallinlm@seattletimes.com,Polygender,FR,85
780,Marga,Grotty,mgrottyln@etsy.com,Non-binary,SE,14
781,Pansy,,pnesterovlo@photobucket.com,Male,TH,
782,Duff,Boldecke,dboldeckelp@istockphoto.com,Male,CN,100
783,Myrle,Whellams,mwhellamslq@epa.gov,Polygender,EC,29
784,Xymenes,Ffoulkes,xffoulkeslr@noaa.gov,Polygender,ES,57
785,Michal,Turbayne,mturbaynels@chron.com,Female,ID,
786,Gaven,Emerton,gemertonlt@seesaa.net,Non-binary,CN,34
787,Gardiner,Bennallck,gbennallcklu@nhs.uk,Genderfluid,CN,42
788,Humfried,Sollom,hsollomlv@biblegateway.com,Agender,CN,
789,Lyn,Oaks,,Genderqueer,CN,64
790,Templeton,Antonat,tantonatlx@samsung.com,Genderqueer,ID,80
791,Dominica,Curdell,dcurdellly@rakuten.co.jp,Polygender,GR,63
792,Elli,Bensen,ebensenlz@utexas.edu,Female,CN,27
793,Charissa,Denzey,cdenzeym0@toplist.cz,Genderfluid,XK,74
794,Pierson,Tough,ptoughm1@paypal.com,Genderqueer,CZ,75
795,Filippo,Howey,fhoweym2@acquirethisname.com,Genderfluid,CN,26
796,Jean,Bratt,jbrattm3@netlog.com,Genderfluid,CN,62
797,Lucinda,Houchen,lhouchenm4@barnesandnoble.com,Female,CN,72
798,Nessie,Magne,nmagnem5@columbia.edu,Genderqueer,CN,48
799,Eugine,Halls,ehallsm6@reddit.com,Genderqueer,MX,
800,Cami,Byre,cbyrem7@behance.net,Non-binary,BR,
801,Grover,Alfwy,galfwym8@angelfire.com,Male,NL,69
802,Henrie,Backs,hbacksm9@wp.com,Genderfluid,ID,
803,Josepha,Hamly,,Female,ID,19
804,Hans,Robardey,hrobardeymb@pen.io,Genderfluid,PH,97
805,Lutero,Spraberry,lspraberrymc@dailymotion.com,Genderfluid,BR,98
806,Jayson,Tran,jtranmd@dropbox.com,Genderqueer,KM,33
807,Page,Klemencic,pklemencicme@mail.ru,Agender,ID,62
808,Elnore,Bateman,,Genderqueer,LY,12
809,Gardener,Cawt,gcawtmg@posterous.com,Non-binary,CN,9
810,Nadeen,Wheeliker,nwheelikermh@google.nl,Female,CN,40
811,Corri,Moston,cmostonmi@vinaora.com,Male,PL,88
812,Kym,Message,kmessagemj@booking.com,Polygender,CN,2
813,Rey,Orriss,rorrissmk@adobe.com,Female,MX,
814,Stacy,Broom,sbroomml@vistaprint.com,Genderfluid,US,33
815,Perry,Bontein,,Genderqueer,SX,25
816,Cherin,Midgely,,Polygender,ID,98
817,Charo,Goane,cgoanemo@ustream.tv,Male,PH,
818,Josiah,Conahy,jconahymp@live.com,Agender,ME,77
819,Xavier,,xcloughermq@skyrock.com,Bigender,JP,75
820,Candace,Banishevitz,cbanishevitzmr@patch.com,Polygender,PE,74
821,Joletta,Antoszczyk,jantoszczykms@pbs.org,Genderqueer,EG,87
822,Nora,Lovering,nloveringmt@prweb.com,Genderqueer,ES,87
823,Janifer,Coronado,jcoronadomu@privacy.gov.au,Genderfluid,RU,34
824,Herby,Adne,hadnemv@ebay.com,Genderfluid,AR,61
825,Aleen,Obert,aobertmw@hubpages.com,Genderfluid,CN,31
826,Duff,Full,dfullmx@rediff.com,Male,CN,65
827,Gerhard,Hawkridge,ghawkridgemy@nytimes.com,Male,SY,41
828,Janessa,Robertet,jrobertetmz@nydailynews.com,Non-binary,TJ,69
829,Bastien,Dacks,bdacksn0@ucoz.ru,Non-binary,CN,81
830,Corbie,Scobie,cscobien1@dagondesign.com,Polygender,FR,61
831,Levin,Kinforth,lkinforthn2@washington.edu,Bigender,PH,81
832,Emelita,Lenz,elenzn3@gizmodo.com,Bigender,SY,15
833,Queenie,Grima,qgriman4@cmu.edu,Female,FI,27
834,Tris,Silman,tsilmann5@cocolog-nifty.com,Male,PH,37
835,Avery,Eborn,aebornn6@illinois.edu,Male,RS,1
836,Ilene,Detheridge,idetheridgen7@usa.gov,Polygender,RU,
837,Damiano,Haucke,dhaucken8@privacy.gov.au,Male,PT,38
838,Nil,,,Genderfluid,BR,39
839,Lenna,Theriot,ltheriotna@google.com,Genderqueer,UA,60
840,Darell,MacMoyer,dmacmoyernb@sina.com.cn,Non-binary,GM,15
841,Rene,Padly,,Genderfluid,BR,35
842,Gwenny,MacLaren,gmaclarennd@slashdot.org,Bigender,CN,96
843,Byrom,Kupisz,bkupiszne@tmall.com,Genderfluid,FR,23
844,Sherm,Haughton,shaughtonnf@dagondesign.com,Non-binary,IE,
845,Johann,Bergstram,,Male,CN,94
846,Kendrick,Hentze,khentzenh@un.org,Genderfluid,BR,77
847,Shepperd,Heggadon,sheggadonni@nydailynews.com,Genderqueer,PH,96
848,Clarine,Zollner,czollnernj@theglobeandmail.com,Female,GR,49
849,Sim,Lavallin,slavallinnk@tamu.edu,Male,ID,56
850,Calypso,Hunte,chuntenl@scientificamerican.com,Bigender,MY,61
851,Sheelah,Heller,,Female,UA,73
852,Rafa,Arias,rariasnn@addtoany.com,Bigender,SE,37
853,Nehemiah,Madoc-Jones,nmadocjonesno@t-online.de,Agender,ID,80
854,Berty,Dehm,bdehmnp@stumbleupon.com,Non-binary,AZ,45
855,Ranee,Glaserman,rglasermannq@ebay.com,Genderqueer,PH,39
856,Kaja,Van den Dael,kvandendaelnr@stanford.edu,Agender,PH,92
857,Laina,O'Loughlin,loloughlinns@timesonline.co.uk,Bigender,AZ,59
858,Clemente,Kinver,ckinvernt@nbcnews.com,Bigender,NI,49
859,Allard,Dalgarno,adalgarnonu@yahoo.com,Female,MN,98
860,Aloysia,Tackley,atackleynv@cmu.edu,Genderfluid,FR,
861,Erskine,Reyne,ereynenw@unicef.org,Agender,BR,87
862,Caria,Sarl,csarlnx@google.com.br,Genderqueer,ID,72
863,Melany,Malenfant,mmalenfantny@sitemeter.com,Genderfluid,MX,76
864,Aeriell,Drowsfield,adrowsfieldnz@google.it,Bigender,UA,55
865,Joan,Hebborn,jhebborno0@unicef.org,Genderqueer,CN,12
866,Elliot,,ecowpero1@ox.ac.uk,Genderfluid,BR,8
867,Devonna,Bromet,dbrometo2@example.com,Non-binary,CN,71
868,Birdie,Applewhaite,bapplewhaiteo3@ted.com,Polygender,FM,
869,Clarke,Sargent,csargento4@answers.com,Non-binary,NG,94
870,Arty,Griffithe,agriffitheo5@digg.com,Male,CN,18
871,Roarke,Gawkes,rgawkeso6@newyorker.com,Female,TZ,95
872,Traci,Pickance,tpickanceo7@opera.com,Female,LU,15
873,Normy,McCurlye,nmccurlyeo8@deliciousdays.com,Genderfluid,VN,97
874,Pattie,Sandlin,psandlino9@princeton.edu,Genderqueer,HN,85
875,Andromache,Drennan,adrennanoa@yellowpages.com,Female,HR,54
876,Kaitlyn,Byrnes,kbyrnesob@over-blog.com,Genderfluid,ID,100
877,Tricia,Pisculli,tpiscullioc@dailymail.co.uk,Genderqueer,SE,12
878,Natty,Almon,nalmonod@paypal.com,Polygender,SE,31
879,Yasmin,Bellenger,ybellengeroe@baidu.com,Male,LT,72
880,Bambie,Cullnean,,Genderqueer,BR,97
881,Cecil,Goodburn,cgoodburnog@sina.com.cn,Female,FR,82
882,Hale,Houtbie,hhoutbieoh@photobucket.com,Genderqueer,CN,
883,Cleopatra,Walthew,cwalthewoi@over-blog.com,Polygender,UA,8
884,Charla,O'Gaven,cogavenoj@list-manage.com,Male,VN,54
885,Nancey,Adamkiewicz,nadamkiewiczok@1688.com,Bigender,RU,4
886,Berty,Loudiane,bloudianeol@acquirethisname.com,Agender,BR,9
887,Margeaux,Gallyhaock,mgallyhaockom@google.pl,Polygender,PT,90
888,Pattin,Tyrwhitt,ptyrwhitton@vistaprint.com,Non-binary,CN,6
889,Jordon,Glendenning,jglendenningoo@yellowpages.com,Bigender,CN,18
890,Towny,Jaycox,,Genderfluid,UA,45
891,Rhoda,Frowen,rfrowenoq@biglobe.ne.jp,Bigender,AR,41
892,Alena,Maior,amaioror@ask.com,Female,CN,79
893,Marietta,Vobes,,Polygender,US,28
894,Wolfie,Edinborough,wedinboroughot@rakuten.co.jp,Polygender,HN,92
895,Fionnula,Ubsdall,fubsdallou@jigsy.com,Genderfluid,CA,96
896,Mikey,Duker,mdukerov@amazon.com,Agender,BA,91
897,Aldus,,agillmanow@ocn.ne.jp,Polygender,CM,100
898,Chas,Marrington,cmarringtonox@sciencedaily.com,Genderfluid,CN,91
899,Zaccaria,Podmore,,Non-binary,ID,91
900,Wilmar,Onraet,wonraetoz@infoseek.co.jp,Agender,PH,100
901,Adriaens,Naisey,anaiseyp0@dropbox.com,Agender,NG,84
902,Arlana,Gini,aginip1@gravatar.com,Genderqueer,PH,21
903,Gibby,Sor,,Genderfluid,MK,25
904,Normand,Cessford,ncessfordp3@shop-pro.jp,Genderqueer,CN,74
905,Roscoe,Leasor,rleasorp4@dedecms.com,Polygender,ID,8
906,Bartholomew,Koenen,bkoenenp5@bloglines.com,Genderqueer,KR,11
907,Liesa,Chesser,lchesserp6@eepurl.com,Bigender,CN,3
908,Essa,Blackaby,eblackabyp7@smugmug.com,Bigender,EG,15
909,Eal,Rajchert,erajchertp8@free.fr,Male,ID,1
910,Gerladina,Devon,gdevonp9@gizmodo.com,Agender,AZ,25
911,Ollie,Dolder,odolderpa@irs.gov,Bigender,TM,57
912,Itch,Ourry,iourrypb@google.ca,Male,KZ,93
913,Rafi,MacNab,rmacnabpc@istockphoto.com,Male,RU,79
914,Trumann,Caig,tcaigpd@instagram.com,Agender,CN,62
915,Silvester,Turton,sturtonpe@mapy.cz,Agender,CN,51
916,Ted,Perillio,tperilliopf@shop-pro.jp,Polygender,PH,
917,Bobette,Chestnut,bchestnutpg@about.me,Genderfluid,MY,
918,Bunny,McGraith,bmcgraithph@virginia.edu,Genderqueer,RS,7
919,Dewey,Moss,dmosspi@sun.com,Non-binary,CN,96
920,Dorry,Busson,dbussonpj@slate.com,Agender,RU,36
921,Quinn,,qhayepk@si.edu,Male,CN,44
922,Reta,Illwell,rillwellpl@deviantart.com,Non-binary,PH,62
923,Ogdon,Everitt,oeverittpm@tuttocitta.it,Bigender,CU,24
924,Currie,Quittonden,,Bigender,KP,72
925,Isa,Paulsen,ipaulsenpo@usda.gov,Polygender,UA,22
926,Wylie,Strewthers,wstrewtherspp@sina.com.cn,Agender,PT,62
927,Gwendolin,Fillan,gfillanpq@altervista.org,Female,MA,66
928,Penelope,Kynan,pkynanpr@infoseek.co.jp,Genderqueer,MA,51
929,Aundrea,MacGillreich,amacgillreichps@wsj.com,Agender,VN,6
930,Ines,Geke,igekept@vimeo.com,Male,ET,62
931,Rozalin,Farres,rfarrespu@java.com,Genderfluid,SE,95
932,Rosina,Bene,rbenepv@typepad.com,Genderqueer,ID,50
933,Olag,Tomczykowski,otomczykowskipw@ft.com,Bigender,PT,77
934,Elnore,Agney,eagneypx@vinaora.com,Bigender,SA,7
935,Layla,Cosstick,lcosstickpy@rakuten.co.jp,Agender,CN,68
936,Frank,Tinkham,ftinkhampz@chron.com,Agender,CN,44
937,Darell,Ragles,draglesq0@youtu.be,Agender,AM,29
938,Raynell,Varian,rvarianq1@sun.com,Agender,VN,85
939,Aldis,Lydon,alydonq2@upenn.edu,Bigender,PH,81
940,Brenden,Timeby,,Bigender,MX,70
941,Gaultiero,Aicken,gaickenq4@vk.com,Polygender,CN,53
942,Kimmi,Roscamp,,Polygender,PE,92
943,Iris,Callf,icallfq6@geocities.jp,Male,CZ,2
944,Tiffy,Runge,trungeq7@amazon.de,Genderfluid,BA,94
945,Jammal,Linnit,jlinnitq8@constantcontact.com,Female,PS,20
946,Emanuel,Moffett,emoffettq9@desdev.cn,Non-binary,MY,72
947,Melinde,Lumsdaine,mlumsdaineqa@printfriendly.com,Male,ID,76
948,Rey,Pallent,rpallentqb@yandex.ru,Polygender,CO,81
949,Adrianna,Decker,adeckerqc@apple.com,Male,FI,81
950,Olly,Popov,opopovqd@webnode.com,Male,RU,68
951,Belvia,Slyford,bslyfordqe@blinklist.com,Genderqueer,TH,39
952,Carola,Pavlov,cpavlovqf@arstechnica.com,Female,PT,6
953,Halie,Cramer,hcramerqg@ft.com,Genderqueer,NG,55
954,Hubert,Saltrese,hsaltreseqh@hc360.com,Genderfluid,TH,76
955,Aggie,Markwick,amarkwickqi@devhub.com,Polygender,ID,97
956,Dermot,,dholtqj@usa.gov,Genderqueer,PT,66
957,Konstance,Wimlett,kwimlettqk@slate.com,Non-binary,FR,32
958,Rachelle,Biddiss,rbiddissql@sfgate.com,Genderfluid,FI,92
959,Caz,Chasemoore,cchasemooreqm@people.com.cn,Bigender,CN,76
960,Odella,McCowan,omccowanqn@dyndns.org,Female,CN,72
961,Emilio,Leehane,eleehaneqo@storify.com,Female,ZA,66
962,Eberhard,Lovell,elovellqp@printfriendly.com,Genderqueer,PH,52
963,Fairlie,,fpitbladoqq@sciencedaily.com,Agender,IR,14
964,Melodie,Press,mpressqr@cbslocal.com,Agender,NP,35
965,Hastie,McSaul,hmcsaulqs@youku.com,Bigender,PL,81
966,Anne,Vanne,,Genderfluid,CN,92
967,Mirelle,Urch,murchqu@google.co.uk,Bigender,PA,8
968,Robby,Isselee,risseleeqv@blinklist.com,Agender,AM,79
969,Esta,Bullman,ebullmanqw@jugem.jp,Male,BR,63
970,Hale,Pendlington,hpendlingtonqx@go.com,Bigender,CN,87
971,Meghan,Tomaszewski,mtomaszewskiqy@eventbrite.com,Male,CN,61
972,Salvidor,Ryder,sryderqz@uol.com.br,Polygender,VE,9
973,Zerk,Woolmer,zwoolmerr0@engadget.com,Polygender,JP,7
974,Marinna,Richard,mrichardr1@artisteer.com,Genderqueer,ID,39
975,Teriann,Bazylets,tbazyletsr2@oakley.com,Female,CN,
976,Donaugh,De Ambrosi,ddeambrosir3@1und1.de,Genderfluid,PL,68
977,Eberhard,Carmont,ecarmontr4@furl.net,Agender,KR,43
978,Wood,Scarsbrick,wscarsbrickr5@cornell.edu,Female,JP,23
979,Alvan,Sloss,aslossr6@arizona.edu,Polygender,CN,95
980,Cosette,Skillings,cskillingsr7@mayoclinic.com,Genderfluid,SE,
981,Inna,Mozzetti,imozzettir8@marriott.com,Agender,MY,67
982,Justis,Schaumann,jschaumannr9@wired.com,Male,JP,
983,Boony,Gravenall,bgravenallra@intel.com,Genderfluid,PE,45
984,Darby,Clarricoates,dclarricoatesrb@omniture.com,Genderfluid,RU,49
985,Curran,Haygreen,chaygreenrc@weibo.com,Non-binary,ID,86
986,Benetta,Heijnen,bheijnenrd@examiner.com,Polygender,PH,49
987,Horton,Gavini,hgavinire@qq.com,Genderfluid,CN,19
988,Nanete,Pinckard,npinckardrf@tiny.cc,Genderfluid,GT,59
989,Charlie,Cicci,cciccirg@multiply.com,Genderqueer,CN,10
990,Lenka,Shenfisch,lshenfischrh@irs.gov,Genderfluid,ID,
991,Rockwell,MacNamee,rmacnameeri@photobucket.com,Female,RU,11
992,Bernete,Plank,bplankrj@biblegateway.com,Male,CN,84
993,Lenard,Baudin,lbaudinrk@baidu.com,Agender,PT,36
994,Ive,Fane,ifanerl@godaddy.com,Female,FR,14
995,Lucille,Iddenden,,Non-binary,RU,24
996,Erna,Roof,,Bigender,ID,39
997,Ivor,Kesteven,ikestevenro@newyorker.com,Bigender,HU,
998,Norman,Dibbe,ndibberp@booking.com,Genderqueer,UZ,55
999,Nehemiah,Jewel,njewelrq@wunderground.com,Polygender,CN,18
1000,Christyna,Cavie,ccavierr@google.com.hk,Non-binary,UA,57
